{
  "criteria": {
    "requirement": {
      "trigger": "minecraft:tick",
      "conditions": {
        "player": [
          {
            "condition": "minecraft:entity_properties",
            "entity": "this",
            "predicate": {
              "team": "Piglin",
              "equipment": {
                "mainhand": {
                  "items": "minecraft:crossbow"
                }
              }
            }
          }
        ]
      }
    }
  },
  "rewards": {
    "function": "origins:piglin/enhance_crossbow"
  }
}
