{
  "criteria": {
    "requirement": {
      "trigger": "minecraft:tick",
      "conditions": {
        "player": [
          {
            "condition": "minecraft:inverted",
            "term": {
              "condition": "minecraft:entity_properties",
              "entity": "this",
              "predicate": {
                "team": "Piglin"
              }
            }
          },
          {
            "condition": "minecraft:entity_properties",
            "entity": "this",
            "predicate": {
              "equipment": {
                "mainhand": {
                  "items": "minecraft:crossbow",
                  "components": {
                    "minecraft:enchantments": {
                        "origins:piglin": 1
                    }
                  }
                }
              }
            }
          }
        ]
      }
    }
  },
  "rewards": {
    "function": "origins:piglin/fix_crossbow"
  } 
}
