{
    "criteria": {
      "requirement": {
        "trigger": "minecraft:inventory_changed",
        "conditions": {
          "player": [
            {
              "condition": "minecraft:entity_properties",
              "entity": "this",
              "predicate": {
                "team": "Enderian",
                "equipment": {
                  "offhand": {
                    "items": ["minecraft:air"]
                  }
                }
              }
            }
          ]
        }
      }
    },
    "rewards": {
      "function": "origins:enderian/knowledge_book"
    }
  }
  