{
    "criteria": {
      "requirement": {
        "trigger": "minecraft:tick",
        "conditions": {
          "player": [
            {
              "condition": "minecraft:entity_properties",
              "entity": "this",
              "predicate": {
                "team": "Piglin",
                "equipment": {
                  "head": {
                    "items": "golden_helmet"
                  }
                }
              }
            }
          ]
        }
      }
    },
    "rewards": {
      "function": "origins:piglin/armor/enhance_helmet"
    }
  }
  