{
    "criteria": {
      "requirement": {
        "trigger": "minecraft:inventory_changed",
        "conditions": {
          "player": [
            {
              "condition": "minecraft:inverted",
              "term": {
                "condition": "minecraft:entity_properties",
                "entity": "this",
                "predicate": {
                  "nbt": "{Health:0.0f}"
                }
              }
            },
            {
              "condition": "minecraft:entity_properties",
              "entity": "this",
              "predicate": {
                "team": "Elytrian-Bedrock"
              }
            }
          ],
          "items": [
            {
              "items": "minecraft:elytra"
            }
          ]
        }
      }
    },
    "rewards": {
      "function": "origins:elytrian-bedrock/elytra"
    }
  }
  