{
    "criteria": {
      "requirement": {
        "trigger": "minecraft:tick",
        "conditions": {
          "player": [
            {
              "condition": "minecraft:entity_properties",
              "entity": "this",
              "predicate": {
                "team": "Inchling",
                "equipment": {
                  "mainhand": {
                    "items": "minecraft:sugar"
                  }
                }
              }
            }
          ]
        }
      }
    },
    "rewards": {
      "function": "origins:inchling/change_sugar"
    }
  }
  