{
    "criteria": {
      "requirement": {
        "trigger": "minecraft:consume_item",
        "conditions": {
          "player": [
            {
              "condition": "minecraft:entity_properties",
              "entity": "this",
              "predicate": {
                "team": "Inchling"
              }
            }
          ],
          "item": {
            "items": "#origins:food"
          }
        }
      }
    },
    "rewards": {
      "function": "origins:inchling/eat"
    }
  }
  