{
	"criteria": {
		"requirement": {
			"trigger": "minecraft:tick",
			"conditions": {
				"player": [
					{
						"condition": "minecraft:entity_properties",
						"entity": "this",
						"predicate": {
							"type_specific": {
								"type": "minecraft:player",
								"input": {
									"sneak": true
								}
							},
							"team": "Enderian-Bedrock",
							"nbt": "{SelectedItemSlot: 8}"
						}
					}
				]
			}
		}
	},
	"rewards": {
		"function": "origins:enderian-bedrock/death_check"
	}
}