{
    "criteria": {
      "requirement": {
        "trigger": "minecraft:tick",
        "conditions": {
          "player": [
            {
              "condition": "minecraft:entity_properties",
              "entity": "this",
              "predicate": {
                "equipment": {
                  "mainhand": {
                    "items": "minecraft:sugar"
                  }
                }
              }
            },
            {
              "condition": "minecraft:inverted",
              "term": {
                "condition": "minecraft:entity_properties",
                "entity": "this",
                "predicate": {
                  "team": "Inchling"
                }
              }
            }
          ]
        }
      }
    },
    "rewards": {
      "function": "origins:inchling/fix_sugar"
    }
  }
  