{
  "criteria": {
    "requirement": {
      "trigger": "minecraft:tick",
      "conditions": {
        "player": [
          {
            "condition": "minecraft:inverted",
            "term": {
              "condition": "minecraft:entity_properties",
              "entity": "this",
              "predicate": {
                "team": "Piglin"
              }
            }
          },
          {
            "condition": "minecraft:entity_properties",
            "entity": "this",
            "predicate": {
              "equipment": {
                "chest": {
                  "items": "minecraft:golden_chestplate",
                  "components": {
                    "minecraft:custom_data": "{Piglin:1b}"
                  }
                }
              }
            }
          }
        ]
      }
    }
  },
    "rewards": {
      "function": "origins:piglin/armor/fix_chestplate"
    }
  }
  