{
  "criteria": {
    "requirement": {
      "trigger": "minecraft:inventory_changed",
      "conditions": {
        "player": [
          {
            "condition": "minecraft:entity_properties",
            "entity": "this",
            "predicate": {
              "team": "Shulk"
            }
          }
        ],
        "items": [
          {
            "items": ["minecraft:shield"]
          }
        ]
      }
    }
  },
  "rewards": {
    "function": "origins:shulk/no_shield"
  }
}
