{
    "criteria": {
      "requirement": {
        "trigger": "minecraft:inventory_changed",
        "conditions": {
          "player": [
            {
              "condition": "minecraft:entity_properties",
              "entity": "this",
              "predicate": {
                "team": "Elytrian"
              }
            }
          ],
          "items": [
            {
              "items": [
                "minecraft:poisonous_potato"
              ],
              "components": {
                "minecraft:custom_model_data": {
                  "floats": [
                    1
                  ]
                }
              }
            }
          ]
        }
      }
    },
    "rewards": {
      "function": "origins:elytrian/use_boost"
    }
  }
  