{
  "description": "Piglin",
  "supported_items": "#origins:golden_gear",
  "weight": 1,
  "max_level": 1,
  "min_cost": {
    "base": 0,
    "per_level_above_first": 0
  },
  "max_cost": {
    "base": 0,
    "per_level_above_first": 0
  },
  "anvil_cost": 0,
  "slots": [
    "any"
  ],
  "effects": {
    "minecraft:item_damage": [
      {
        "requirements": {
          "condition": "minecraft:inverted",
          "term": {
            "condition": "minecraft:match_tool",
            "predicate": {
              "items": "#minecraft:enchantable/armor"
            }
          }
        },
        "effect": {
          "type": "minecraft:remove_binomial",
          "chance": {
            "type": "minecraft:fraction",
            "numerator": 1,
            "denominator": 4
          }
        }
      },
      {
        "requirements": {
          "condition": "minecraft:match_tool",
          "predicate": {
            "items": "#minecraft:enchantable/armor"
          }
        },
        "effect": {
          "type": "minecraft:remove_binomial",
          "chance": {
            "type": "minecraft:fraction",
            "numerator": 2,
            "denominator": 20
          }
        }
      }
    ],
    "minecraft:damage_protection": [
      {
        "effect": {
          "type": "minecraft:add",
          "value": 2
        }
      }
    ],
    "minecraft:damage": [
      {
        "effect": {
          "type": "add",
          "value": 2.5
        }
      }
    ]
  }
}