{
  "pools": [
    {
      "rolls": 1,
      "entries": [
        {
          "type": "alternatives",
          "children": [
            {
              "type": "loot_table",
              "value": "bs.block:get/4",
              "functions": [
                {
                  "function": "set_custom_data",
                  "tag": "{\"properties\":{\"half\":\"lower\"},\"_\":{3:\"half=lower,\"}}"
                }
              ],
              "conditions": [
                {
                  "condition": "location_check",
                  "predicate": {
                    "block": {
                      "state": {
                        "half": "lower"
                      }
                    }
                  }
                }
              ]
            },
            {
              "type": "loot_table",
              "value": "bs.block:get/4",
              "functions": [
                {
                  "function": "set_custom_data",
                  "tag": "{\"properties\":{\"half\":\"upper\"},\"_\":{3:\"half=upper,\"}}"
                }
              ],
              "conditions": [
                {
                  "condition": "location_check",
                  "predicate": {
                    "block": {
                      "state": {
                        "half": "upper"
                      }
                    }
                  }
                }
              ]
            }
          ]
        }
      ]
    }
  ]
}
