{
    "criteria": {
      "requirement": {
        "trigger": "minecraft:slept_in_bed",
        "conditions": {
          "player": [
            {
              "condition": "minecraft:entity_properties",
              "entity": "this",
              "predicate": {
                "team": "Avian",
                "location": {
                  "position": {
                    "y": {
                      "min": -64,
                      "max": 92
                    }
                  }
                }
              }
            }
          ]
        }
      }
    },
    "rewards": {
      "function": "origins:avian/no_bed"
    }
  }
  