{
    "values": [
        "origins:load",
        "player_motion:internal/technical/load",
        "hit_match:load",
	      "#load:_private/load",
    {
      "id": "#bs.biome:load",
      "required": false
    },
    {
      "id": "#bs.bitwise:load",
      "required": false
    },
    {
      "id": "#bs.block:load",
      "required": false
    },
    {
      "id": "#bs.color:load",
      "required": false
    },
    {
      "id": "#bs.generate:load",
      "required": false
    },
    {
      "id": "#bs.health:load",
      "required": false
    },
    {
      "id": "#bs.hitbox:load",
      "required": false
    },
    {
      "id": "#bs.id:load",
      "required": false
    },
    {
      "id": "#bs.interaction:load",
      "required": false
    },
    {
      "id": "#bs.link:load",
      "required": false
    },
    {
      "id": "#bs.math:load",
      "required": false
    },
    {
      "id": "#bs.move:load",
      "required": false
    },
    {
      "id": "#bs.position:load",
      "required": false
    },
    {
      "id": "#bs.random:load",
      "required": false
    },
    {
      "id": "#bs.raycast:load",
      "required": false
    },
    {
      "id": "#bs.schedule:load",
      "required": false
    },
    {
      "id": "#bs.sidebar:load",
      "required": false
    },
    {
      "id": "#bs.time:load",
      "required": false
    },
    {
      "id": "#bs.tree:load",
      "required": false
    },
    {
      "id": "#bs.vector:load",
      "required": false
    },
    {
      "id": "#bs.view:load",
      "required": false
    },
    {
      "id": "#bs.weather:load",
      "required": false
    },
    {
      "id": "#bs.xp:load",
      "required": false
    }
    ]
}