{
  "values": [
    {
      "id": "#bs.biome:unload",
      "required": false
    },
    {
      "id": "#bs.bitwise:unload",
      "required": false
    },
    {
      "id": "#bs.block:unload",
      "required": false
    },
    {
      "id": "#bs.color:unload",
      "required": false
    },
    {
      "id": "#bs.generate:unload",
      "required": false
    },
    {
      "id": "#bs.health:unload",
      "required": false
    },
    {
      "id": "#bs.hitbox:unload",
      "required": false
    },
    {
      "id": "#bs.id:unload",
      "required": false
    },
    {
      "id": "#bs.interaction:unload",
      "required": false
    },
    {
      "id": "#bs.link:unload",
      "required": false
    },
    {
      "id": "#bs.math:unload",
      "required": false
    },
    {
      "id": "#bs.move:unload",
      "required": false
    },
    {
      "id": "#bs.position:unload",
      "required": false
    },
    {
      "id": "#bs.random:unload",
      "required": false
    },
    {
      "id": "#bs.raycast:unload",
      "required": false
    },
    {
      "id": "#bs.schedule:unload",
      "required": false
    },
    {
      "id": "#bs.sidebar:unload",
      "required": false
    },
    {
      "id": "#bs.time:unload",
      "required": false
    },
    {
      "id": "#bs.tree:unload",
      "required": false
    },
    {
      "id": "#bs.vector:unload",
      "required": false
    },
    {
      "id": "#bs.view:unload",
      "required": false
    },
    {
      "id": "#bs.weather:unload",
      "required": false
    },
    {
      "id": "#bs.xp:unload",
      "required": false
    }
  ]
}
