{
    "criteria": {
      "requirement": {
        "trigger": "minecraft:location",
        "conditions": {
          "player": [
            {
              "condition": "minecraft:entity_properties",
              "entity": "this",
              "predicate": {
                "team": "Enderian-Shift",
                "location": {
                  "fluid": {
                    "fluids": "#minecraft:water"
                  }
                }
              }
            }
          ]
        }
      }
    },
    "rewards": {
      "function": "origins:enderian-shift/water_damage"
    }
  }
  