{
  "pools": [
    {
      "rolls": 1,
      "entries": [
        {
          "type": "alternatives",
          "children": [
            {
              "type": "item",
              "name": "egg",
              "functions": [
                {
                  "function": "set_custom_data",
                  "tag": "{\"interaction_shape\":[[0.0d,0.0d,0.0d,16.0d,2.0d,16.0d]]}"
                }
              ],
              "conditions": [
                {
                  "condition": "location_check",
                  "predicate": {
                    "block": {
                      "state": {
                        "layers": "1"
                      }
                    }
                  }
                }
              ]
            },
            {
              "type": "item",
              "name": "egg",
              "functions": [
                {
                  "function": "set_custom_data",
                  "tag": "{\"interaction_shape\":[[0.0d,0.0d,0.0d,16.0d,4.0d,16.0d]],\"collision_shape\":[[0.0d,0.0d,0.0d,16.0d,2.0d,16.0d]]}"
                }
              ],
              "conditions": [
                {
                  "condition": "location_check",
                  "predicate": {
                    "block": {
                      "state": {
                        "layers": "2"
                      }
                    }
                  }
                }
              ]
            },
            {
              "type": "item",
              "name": "egg",
              "functions": [
                {
                  "function": "set_custom_data",
                  "tag": "{\"interaction_shape\":[[0.0d,0.0d,0.0d,16.0d,6.0d,16.0d]],\"collision_shape\":[[0.0d,0.0d,0.0d,16.0d,4.0d,16.0d]]}"
                }
              ],
              "conditions": [
                {
                  "condition": "location_check",
                  "predicate": {
                    "block": {
                      "state": {
                        "layers": "3"
                      }
                    }
                  }
                }
              ]
            },
            {
              "type": "item",
              "name": "egg",
              "functions": [
                {
                  "function": "set_custom_data",
                  "tag": "{\"collision_shape\":[[0.0d,0.0d,0.0d,16.0d,6.0d,16.0d]],\"interaction_shape\":[[0.0d,0.0d,0.0d,16.0d,8.0d,16.0d]]}"
                }
              ],
              "conditions": [
                {
                  "condition": "location_check",
                  "predicate": {
                    "block": {
                      "state": {
                        "layers": "4"
                      }
                    }
                  }
                }
              ]
            },
            {
              "type": "item",
              "name": "egg",
              "functions": [
                {
                  "function": "set_custom_data",
                  "tag": "{\"interaction_shape\":[[0.0d,0.0d,0.0d,16.0d,10.0d,16.0d]],\"collision_shape\":[[0.0d,0.0d,0.0d,16.0d,8.0d,16.0d]]}"
                }
              ],
              "conditions": [
                {
                  "condition": "location_check",
                  "predicate": {
                    "block": {
                      "state": {
                        "layers": "5"
                      }
                    }
                  }
                }
              ]
            },
            {
              "type": "item",
              "name": "egg",
              "functions": [
                {
                  "function": "set_custom_data",
                  "tag": "{\"interaction_shape\":[[0.0d,0.0d,0.0d,16.0d,12.0d,16.0d]],\"collision_shape\":[[0.0d,0.0d,0.0d,16.0d,10.0d,16.0d]]}"
                }
              ],
              "conditions": [
                {
                  "condition": "location_check",
                  "predicate": {
                    "block": {
                      "state": {
                        "layers": "6"
                      }
                    }
                  }
                }
              ]
            },
            {
              "type": "item",
              "name": "egg",
              "functions": [
                {
                  "function": "set_custom_data",
                  "tag": "{\"collision_shape\":[[0.0d,0.0d,0.0d,16.0d,12.0d,16.0d]],\"interaction_shape\":[[0.0d,0.0d,0.0d,16.0d,14.0d,16.0d]]}"
                }
              ],
              "conditions": [
                {
                  "condition": "location_check",
                  "predicate": {
                    "block": {
                      "state": {
                        "layers": "7"
                      }
                    }
                  }
                }
              ]
            },
            {
              "type": "item",
              "name": "egg",
              "functions": [
                {
                  "function": "set_custom_data",
                  "tag": "{\"collision_shape\":[[0.0d,0.0d,0.0d,16.0d,14.0d,16.0d]],\"interaction_shape\":[[0.0d,0.0d,0.0d,16.0d,16.0d,16.0d]]}"
                }
              ]
            }
          ]
        }
      ]
    }
  ]
}
