{
  "pools": [
    {
      "rolls": 1,
      "entries": [
        {
          "type": "alternatives",
          "children": [
            {
              "type": "alternatives",
              "children": [
                {
                  "type": "alternatives",
                  "children": [
                    {
                      "type": "item",
                      "name": "egg",
                      "functions": [
                        {
                          "function": "set_custom_data",
                          "tag": "{\"interaction_shape\":[[0.0d,0.0d,6.0d,16.0d,13.0d,10.0d]]}"
                        }
                      ],
                      "conditions": [
                        {
                          "condition": "location_check",
                          "predicate": {
                            "block": {
                              "state": {
                                "facing": "north"
                              }
                            }
                          }
                        }
                      ]
                    },
                    {
                      "type": "item",
                      "name": "egg",
                      "functions": [
                        {
                          "function": "set_custom_data",
                          "tag": "{\"interaction_shape\":[[0.0d,0.0d,6.0d,16.0d,13.0d,10.0d]]}"
                        }
                      ],
                      "conditions": [
                        {
                          "condition": "location_check",
                          "predicate": {
                            "block": {
                              "state": {
                                "facing": "south"
                              }
                            }
                          }
                        }
                      ]
                    },
                    {
                      "type": "item",
                      "name": "egg",
                      "functions": [
                        {
                          "function": "set_custom_data",
                          "tag": "{\"interaction_shape\":[[6.0d,0.0d,0.0d,10.0d,13.0d,16.0d]]}"
                        }
                      ],
                      "conditions": [
                        {
                          "condition": "location_check",
                          "predicate": {
                            "block": {
                              "state": {
                                "facing": "west"
                              }
                            }
                          }
                        }
                      ]
                    },
                    {
                      "type": "item",
                      "name": "egg",
                      "functions": [
                        {
                          "function": "set_custom_data",
                          "tag": "{\"interaction_shape\":[[6.0d,0.0d,0.0d,10.0d,13.0d,16.0d]]}"
                        }
                      ]
                    }
                  ],
                  "conditions": [
                    {
                      "condition": "location_check",
                      "predicate": {
                        "block": {
                          "state": {
                            "open": "true"
                          }
                        }
                      }
                    }
                  ]
                },
                {
                  "type": "alternatives",
                  "children": [
                    {
                      "type": "item",
                      "name": "egg",
                      "functions": [
                        {
                          "function": "set_custom_data",
                          "tag": "{\"interaction_shape\":[[0.0d,0.0d,6.0d,16.0d,13.0d,10.0d]],\"collision_shape\":[[0.0d,0.0d,6.0d,16.0d,16.0d,10.0d]]}"
                        }
                      ],
                      "conditions": [
                        {
                          "condition": "location_check",
                          "predicate": {
                            "block": {
                              "state": {
                                "facing": "north"
                              }
                            }
                          }
                        }
                      ]
                    },
                    {
                      "type": "item",
                      "name": "egg",
                      "functions": [
                        {
                          "function": "set_custom_data",
                          "tag": "{\"interaction_shape\":[[0.0d,0.0d,6.0d,16.0d,13.0d,10.0d]],\"collision_shape\":[[0.0d,0.0d,6.0d,16.0d,16.0d,10.0d]]}"
                        }
                      ],
                      "conditions": [
                        {
                          "condition": "location_check",
                          "predicate": {
                            "block": {
                              "state": {
                                "facing": "south"
                              }
                            }
                          }
                        }
                      ]
                    },
                    {
                      "type": "item",
                      "name": "egg",
                      "functions": [
                        {
                          "function": "set_custom_data",
                          "tag": "{\"interaction_shape\":[[6.0d,0.0d,0.0d,10.0d,13.0d,16.0d]],\"collision_shape\":[[6.0d,0.0d,0.0d,10.0d,16.0d,16.0d]]}"
                        }
                      ],
                      "conditions": [
                        {
                          "condition": "location_check",
                          "predicate": {
                            "block": {
                              "state": {
                                "facing": "west"
                              }
                            }
                          }
                        }
                      ]
                    },
                    {
                      "type": "item",
                      "name": "egg",
                      "functions": [
                        {
                          "function": "set_custom_data",
                          "tag": "{\"interaction_shape\":[[6.0d,0.0d,0.0d,10.0d,13.0d,16.0d]],\"collision_shape\":[[6.0d,0.0d,0.0d,10.0d,16.0d,16.0d]]}"
                        }
                      ]
                    }
                  ]
                }
              ],
              "conditions": [
                {
                  "condition": "location_check",
                  "predicate": {
                    "block": {
                      "state": {
                        "in_wall": "true"
                      }
                    }
                  }
                }
              ]
            },
            {
              "type": "alternatives",
              "children": [
                {
                  "type": "alternatives",
                  "children": [
                    {
                      "type": "item",
                      "name": "egg",
                      "functions": [
                        {
                          "function": "set_custom_data",
                          "tag": "{\"interaction_shape\":[[0.0d,0.0d,6.0d,16.0d,16.0d,10.0d]]}"
                        }
                      ],
                      "conditions": [
                        {
                          "condition": "location_check",
                          "predicate": {
                            "block": {
                              "state": {
                                "facing": "north"
                              }
                            }
                          }
                        }
                      ]
                    },
                    {
                      "type": "item",
                      "name": "egg",
                      "functions": [
                        {
                          "function": "set_custom_data",
                          "tag": "{\"interaction_shape\":[[0.0d,0.0d,6.0d,16.0d,16.0d,10.0d]]}"
                        }
                      ],
                      "conditions": [
                        {
                          "condition": "location_check",
                          "predicate": {
                            "block": {
                              "state": {
                                "facing": "south"
                              }
                            }
                          }
                        }
                      ]
                    },
                    {
                      "type": "item",
                      "name": "egg",
                      "functions": [
                        {
                          "function": "set_custom_data",
                          "tag": "{\"interaction_shape\":[[6.0d,0.0d,0.0d,10.0d,16.0d,16.0d]]}"
                        }
                      ],
                      "conditions": [
                        {
                          "condition": "location_check",
                          "predicate": {
                            "block": {
                              "state": {
                                "facing": "west"
                              }
                            }
                          }
                        }
                      ]
                    },
                    {
                      "type": "item",
                      "name": "egg",
                      "functions": [
                        {
                          "function": "set_custom_data",
                          "tag": "{\"interaction_shape\":[[6.0d,0.0d,0.0d,10.0d,16.0d,16.0d]]}"
                        }
                      ]
                    }
                  ],
                  "conditions": [
                    {
                      "condition": "location_check",
                      "predicate": {
                        "block": {
                          "state": {
                            "open": "true"
                          }
                        }
                      }
                    }
                  ]
                },
                {
                  "type": "alternatives",
                  "children": [
                    {
                      "type": "item",
                      "name": "egg",
                      "functions": [
                        {
                          "function": "set_custom_data",
                          "tag": "{\"collision_shape\":[[0.0d,0.0d,6.0d,16.0d,16.0d,10.0d]],\"interaction_shape\":[[0.0d,0.0d,6.0d,16.0d,16.0d,10.0d]]}"
                        }
                      ],
                      "conditions": [
                        {
                          "condition": "location_check",
                          "predicate": {
                            "block": {
                              "state": {
                                "facing": "north"
                              }
                            }
                          }
                        }
                      ]
                    },
                    {
                      "type": "item",
                      "name": "egg",
                      "functions": [
                        {
                          "function": "set_custom_data",
                          "tag": "{\"collision_shape\":[[0.0d,0.0d,6.0d,16.0d,16.0d,10.0d]],\"interaction_shape\":[[0.0d,0.0d,6.0d,16.0d,16.0d,10.0d]]}"
                        }
                      ],
                      "conditions": [
                        {
                          "condition": "location_check",
                          "predicate": {
                            "block": {
                              "state": {
                                "facing": "south"
                              }
                            }
                          }
                        }
                      ]
                    },
                    {
                      "type": "item",
                      "name": "egg",
                      "functions": [
                        {
                          "function": "set_custom_data",
                          "tag": "{\"collision_shape\":[[6.0d,0.0d,0.0d,10.0d,16.0d,16.0d]],\"interaction_shape\":[[6.0d,0.0d,0.0d,10.0d,16.0d,16.0d]]}"
                        }
                      ],
                      "conditions": [
                        {
                          "condition": "location_check",
                          "predicate": {
                            "block": {
                              "state": {
                                "facing": "west"
                              }
                            }
                          }
                        }
                      ]
                    },
                    {
                      "type": "item",
                      "name": "egg",
                      "functions": [
                        {
                          "function": "set_custom_data",
                          "tag": "{\"collision_shape\":[[6.0d,0.0d,0.0d,10.0d,16.0d,16.0d]],\"interaction_shape\":[[6.0d,0.0d,0.0d,10.0d,16.0d,16.0d]]}"
                        }
                      ]
                    }
                  ]
                }
              ]
            }
          ]
        }
      ]
    }
  ]
}
