{
  "pools": [
    {
      "rolls": 1,
      "entries": [
        {
          "type": "alternatives",
          "children": [
            {
              "type": "item",
              "name": "egg",
              "functions": [
                {
                  "function": "set_custom_data",
                  "tag": "{\"collision_shape\":[[0.0d,0.0d,0.0d,16.0d,16.0d,2.0d],[0.0d,0.0d,2.0d,2.0d,16.0d,16.0d],[2.0d,0.0d,2.0d,16.0d,2.0d,16.0d],[2.0d,2.0d,14.0d,16.0d,16.0d,16.0d],[14.0d,2.0d,2.0d,16.0d,16.0d,16.0d]],\"interaction_shape\":[[0.0d,0.0d,0.0d,16.0d,16.0d,2.0d],[0.0d,0.0d,2.0d,2.0d,16.0d,16.0d],[2.0d,0.0d,2.0d,16.0d,2.0d,16.0d],[2.0d,2.0d,14.0d,16.0d,16.0d,16.0d],[14.0d,2.0d,2.0d,16.0d,16.0d,16.0d]]}"
                }
              ],
              "conditions": [
                {
                  "condition": "location_check",
                  "predicate": {
                    "block": {
                      "state": {
                        "level": "0"
                      }
                    }
                  }
                }
              ]
            },
            {
              "type": "item",
              "name": "egg",
              "functions": [
                {
                  "function": "set_custom_data",
                  "tag": "{\"collision_shape\":[[0.0d,0.0d,0.0d,16.0d,16.0d,2.0d],[0.0d,0.0d,2.0d,2.0d,16.0d,16.0d],[2.0d,0.0d,2.0d,16.0d,2.0d,16.0d],[2.0d,2.0d,14.0d,16.0d,16.0d,16.0d],[14.0d,2.0d,2.0d,16.0d,16.0d,16.0d]],\"interaction_shape\":[[0.0d,0.0d,0.0d,16.0d,16.0d,2.0d],[0.0d,0.0d,2.0d,2.0d,16.0d,16.0d],[2.0d,0.0d,2.0d,16.0d,3.0d,16.0d],[2.0d,3.0d,14.0d,16.0d,16.0d,16.0d],[14.0d,3.0d,2.0d,16.0d,16.0d,16.0d]]}"
                }
              ],
              "conditions": [
                {
                  "condition": "location_check",
                  "predicate": {
                    "block": {
                      "state": {
                        "level": "1"
                      }
                    }
                  }
                }
              ]
            },
            {
              "type": "item",
              "name": "egg",
              "functions": [
                {
                  "function": "set_custom_data",
                  "tag": "{\"collision_shape\":[[0.0d,0.0d,0.0d,16.0d,16.0d,2.0d],[0.0d,0.0d,2.0d,2.0d,16.0d,16.0d],[2.0d,0.0d,2.0d,16.0d,2.0d,16.0d],[2.0d,2.0d,14.0d,16.0d,16.0d,16.0d],[14.0d,2.0d,2.0d,16.0d,16.0d,16.0d]],\"interaction_shape\":[[0.0d,0.0d,0.0d,16.0d,16.0d,2.0d],[0.0d,0.0d,2.0d,2.0d,16.0d,16.0d],[2.0d,0.0d,2.0d,16.0d,5.0d,16.0d],[2.0d,5.0d,14.0d,16.0d,16.0d,16.0d],[14.0d,5.0d,2.0d,16.0d,16.0d,16.0d]]}"
                }
              ],
              "conditions": [
                {
                  "condition": "location_check",
                  "predicate": {
                    "block": {
                      "state": {
                        "level": "2"
                      }
                    }
                  }
                }
              ]
            },
            {
              "type": "item",
              "name": "egg",
              "functions": [
                {
                  "function": "set_custom_data",
                  "tag": "{\"collision_shape\":[[0.0d,0.0d,0.0d,16.0d,16.0d,2.0d],[0.0d,0.0d,2.0d,2.0d,16.0d,16.0d],[2.0d,0.0d,2.0d,16.0d,2.0d,16.0d],[2.0d,2.0d,14.0d,16.0d,16.0d,16.0d],[14.0d,2.0d,2.0d,16.0d,16.0d,16.0d]],\"interaction_shape\":[[0.0d,0.0d,0.0d,16.0d,16.0d,2.0d],[0.0d,0.0d,2.0d,2.0d,16.0d,16.0d],[2.0d,0.0d,2.0d,16.0d,7.0d,16.0d],[2.0d,7.0d,14.0d,16.0d,16.0d,16.0d],[14.0d,7.0d,2.0d,16.0d,16.0d,16.0d]]}"
                }
              ],
              "conditions": [
                {
                  "condition": "location_check",
                  "predicate": {
                    "block": {
                      "state": {
                        "level": "3"
                      }
                    }
                  }
                }
              ]
            },
            {
              "type": "item",
              "name": "egg",
              "functions": [
                {
                  "function": "set_custom_data",
                  "tag": "{\"collision_shape\":[[0.0d,0.0d,0.0d,16.0d,16.0d,2.0d],[0.0d,0.0d,2.0d,2.0d,16.0d,16.0d],[2.0d,0.0d,2.0d,16.0d,2.0d,16.0d],[2.0d,2.0d,14.0d,16.0d,16.0d,16.0d],[14.0d,2.0d,2.0d,16.0d,16.0d,16.0d]],\"interaction_shape\":[[0.0d,0.0d,0.0d,16.0d,16.0d,2.0d],[0.0d,0.0d,2.0d,2.0d,16.0d,16.0d],[2.0d,0.0d,2.0d,16.0d,9.0d,16.0d],[2.0d,9.0d,14.0d,16.0d,16.0d,16.0d],[14.0d,9.0d,2.0d,16.0d,16.0d,16.0d]]}"
                }
              ],
              "conditions": [
                {
                  "condition": "location_check",
                  "predicate": {
                    "block": {
                      "state": {
                        "level": "4"
                      }
                    }
                  }
                }
              ]
            },
            {
              "type": "item",
              "name": "egg",
              "functions": [
                {
                  "function": "set_custom_data",
                  "tag": "{\"collision_shape\":[[0.0d,0.0d,0.0d,16.0d,16.0d,2.0d],[0.0d,0.0d,2.0d,2.0d,16.0d,16.0d],[2.0d,0.0d,2.0d,16.0d,2.0d,16.0d],[2.0d,2.0d,14.0d,16.0d,16.0d,16.0d],[14.0d,2.0d,2.0d,16.0d,16.0d,16.0d]],\"interaction_shape\":[[0.0d,0.0d,0.0d,16.0d,16.0d,2.0d],[0.0d,0.0d,2.0d,2.0d,16.0d,16.0d],[2.0d,0.0d,2.0d,16.0d,11.0d,16.0d],[2.0d,11.0d,14.0d,16.0d,16.0d,16.0d],[14.0d,11.0d,2.0d,16.0d,16.0d,16.0d]]}"
                }
              ],
              "conditions": [
                {
                  "condition": "location_check",
                  "predicate": {
                    "block": {
                      "state": {
                        "level": "5"
                      }
                    }
                  }
                }
              ]
            },
            {
              "type": "item",
              "name": "egg",
              "functions": [
                {
                  "function": "set_custom_data",
                  "tag": "{\"interaction_shape\":[[0.0d,0.0d,0.0d,16.0d,16.0d,2.0d],[0.0d,0.0d,2.0d,2.0d,16.0d,16.0d],[2.0d,0.0d,2.0d,16.0d,13.0d,16.0d],[2.0d,13.0d,14.0d,16.0d,16.0d,16.0d],[14.0d,13.0d,2.0d,16.0d,16.0d,16.0d]],\"collision_shape\":[[0.0d,0.0d,0.0d,16.0d,16.0d,2.0d],[0.0d,0.0d,2.0d,2.0d,16.0d,16.0d],[2.0d,0.0d,2.0d,16.0d,2.0d,16.0d],[2.0d,2.0d,14.0d,16.0d,16.0d,16.0d],[14.0d,2.0d,2.0d,16.0d,16.0d,16.0d]]}"
                }
              ],
              "conditions": [
                {
                  "condition": "location_check",
                  "predicate": {
                    "block": {
                      "state": {
                        "level": "6"
                      }
                    }
                  }
                }
              ]
            },
            {
              "type": "item",
              "name": "egg",
              "functions": [
                {
                  "function": "set_custom_data",
                  "tag": "{\"collision_shape\":[[0.0d,0.0d,0.0d,16.0d,16.0d,2.0d],[0.0d,0.0d,2.0d,2.0d,16.0d,16.0d],[2.0d,0.0d,2.0d,16.0d,2.0d,16.0d],[2.0d,2.0d,14.0d,16.0d,16.0d,16.0d],[14.0d,2.0d,2.0d,16.0d,16.0d,16.0d]],\"interaction_shape\":[[0.0d,0.0d,0.0d,16.0d,16.0d,2.0d],[0.0d,0.0d,2.0d,2.0d,16.0d,16.0d],[2.0d,0.0d,2.0d,16.0d,15.0d,16.0d],[2.0d,15.0d,14.0d,16.0d,16.0d,16.0d],[14.0d,15.0d,2.0d,16.0d,16.0d,16.0d]]}"
                }
              ],
              "conditions": [
                {
                  "condition": "location_check",
                  "predicate": {
                    "block": {
                      "state": {
                        "level": "7"
                      }
                    }
                  }
                }
              ]
            },
            {
              "type": "item",
              "name": "egg",
              "functions": [
                {
                  "function": "set_custom_data",
                  "tag": "{\"collision_shape\":[[0.0d,0.0d,0.0d,16.0d,16.0d,2.0d],[0.0d,0.0d,2.0d,2.0d,16.0d,16.0d],[2.0d,0.0d,2.0d,16.0d,2.0d,16.0d],[2.0d,2.0d,14.0d,16.0d,16.0d,16.0d],[14.0d,2.0d,2.0d,16.0d,16.0d,16.0d]],\"interaction_shape\":[[0.0d,0.0d,0.0d,16.0d,16.0d,2.0d],[0.0d,0.0d,2.0d,2.0d,16.0d,16.0d],[2.0d,0.0d,2.0d,16.0d,15.0d,16.0d],[2.0d,15.0d,14.0d,16.0d,16.0d,16.0d],[14.0d,15.0d,2.0d,16.0d,16.0d,16.0d]]}"
                }
              ]
            }
          ]
        }
      ]
    }
  ]
}
