{
  "pools": [
    {
      "rolls": 1,
      "entries": [
        {
          "type": "alternatives",
          "children": [
            {
              "type": "item",
              "name": "egg",
              "functions": [
                {
                  "function": "set_custom_data",
                  "tag": "{\"collision_shape\":[[7.0d,0.0d,7.0d,9.0d,6.0d,9.0d]],\"interaction_shape\":[[7.0d,0.0d,7.0d,9.0d,6.0d,9.0d]]}"
                }
              ],
              "conditions": [
                {
                  "condition": "location_check",
                  "predicate": {
                    "block": {
                      "state": {
                        "candles": "1"
                      }
                    }
                  }
                }
              ]
            },
            {
              "type": "item",
              "name": "egg",
              "functions": [
                {
                  "function": "set_custom_data",
                  "tag": "{\"collision_shape\":[[5.0d,0.0d,6.0d,11.0d,6.0d,9.0d]],\"interaction_shape\":[[5.0d,0.0d,6.0d,11.0d,6.0d,9.0d]]}"
                }
              ],
              "conditions": [
                {
                  "condition": "location_check",
                  "predicate": {
                    "block": {
                      "state": {
                        "candles": "2"
                      }
                    }
                  }
                }
              ]
            },
            {
              "type": "item",
              "name": "egg",
              "functions": [
                {
                  "function": "set_custom_data",
                  "tag": "{\"collision_shape\":[[5.0d,0.0d,6.0d,10.0d,6.0d,11.0d]],\"interaction_shape\":[[5.0d,0.0d,6.0d,10.0d,6.0d,11.0d]]}"
                }
              ],
              "conditions": [
                {
                  "condition": "location_check",
                  "predicate": {
                    "block": {
                      "state": {
                        "candles": "3"
                      }
                    }
                  }
                }
              ]
            },
            {
              "type": "item",
              "name": "egg",
              "functions": [
                {
                  "function": "set_custom_data",
                  "tag": "{\"interaction_shape\":[[5.0d,0.0d,5.0d,11.0d,6.0d,10.0d]],\"collision_shape\":[[5.0d,0.0d,5.0d,11.0d,6.0d,10.0d]]}"
                }
              ]
            }
          ]
        }
      ]
    }
  ]
}
