{
  "pools": [
    {
      "rolls": 1,
      "entries": [
        {
          "type": "alternatives",
          "children": [
            {
              "type": "loot_table",
              "value": "bs.block:get/132",
              "functions": [
                {
                  "function": "set_custom_data",
                  "tag": "{\"properties\":{\"south\":\"none\"},\"_\":{3:\"south=none,\"}}"
                }
              ],
              "conditions": [
                {
                  "condition": "location_check",
                  "predicate": {
                    "block": {
                      "state": {
                        "south": "none"
                      }
                    }
                  }
                }
              ]
            },
            {
              "type": "loot_table",
              "value": "bs.block:get/132",
              "functions": [
                {
                  "function": "set_custom_data",
                  "tag": "{\"properties\":{\"south\":\"up\"},\"_\":{3:\"south=up,\"}}"
                }
              ],
              "conditions": [
                {
                  "condition": "location_check",
                  "predicate": {
                    "block": {
                      "state": {
                        "south": "up"
                      }
                    }
                  }
                }
              ]
            },
            {
              "type": "loot_table",
              "value": "bs.block:get/132",
              "functions": [
                {
                  "function": "set_custom_data",
                  "tag": "{\"properties\":{\"south\":\"side\"},\"_\":{3:\"south=side,\"}}"
                }
              ],
              "conditions": [
                {
                  "condition": "location_check",
                  "predicate": {
                    "block": {
                      "state": {
                        "south": "side"
                      }
                    }
                  }
                }
              ]
            }
          ]
        }
      ]
    }
  ]
}
