{
  "pools": [
    {
      "rolls": 1,
      "entries": [
        {
          "type": "alternatives",
          "children": [
            {
              "type": "item",
              "name": "egg",
              "functions": [
                {
                  "function": "set_custom_data",
                  "tag": "{\"properties\":{\"charges\":\"0\"},\"_\":{0:\"charges=0,\"}}"
                }
              ],
              "conditions": [
                {
                  "condition": "location_check",
                  "predicate": {
                    "block": {
                      "state": {
                        "charges": "0"
                      }
                    }
                  }
                }
              ]
            },
            {
              "type": "item",
              "name": "egg",
              "functions": [
                {
                  "function": "set_custom_data",
                  "tag": "{\"properties\":{\"charges\":\"1\"},\"_\":{0:\"charges=1,\"}}"
                }
              ],
              "conditions": [
                {
                  "condition": "location_check",
                  "predicate": {
                    "block": {
                      "state": {
                        "charges": "1"
                      }
                    }
                  }
                }
              ]
            },
            {
              "type": "item",
              "name": "egg",
              "functions": [
                {
                  "function": "set_custom_data",
                  "tag": "{\"properties\":{\"charges\":\"2\"},\"_\":{0:\"charges=2,\"}}"
                }
              ],
              "conditions": [
                {
                  "condition": "location_check",
                  "predicate": {
                    "block": {
                      "state": {
                        "charges": "2"
                      }
                    }
                  }
                }
              ]
            },
            {
              "type": "item",
              "name": "egg",
              "functions": [
                {
                  "function": "set_custom_data",
                  "tag": "{\"properties\":{\"charges\":\"3\"},\"_\":{0:\"charges=3,\"}}"
                }
              ],
              "conditions": [
                {
                  "condition": "location_check",
                  "predicate": {
                    "block": {
                      "state": {
                        "charges": "3"
                      }
                    }
                  }
                }
              ]
            },
            {
              "type": "item",
              "name": "egg",
              "functions": [
                {
                  "function": "set_custom_data",
                  "tag": "{\"properties\":{\"charges\":\"4\"},\"_\":{0:\"charges=4,\"}}"
                }
              ],
              "conditions": [
                {
                  "condition": "location_check",
                  "predicate": {
                    "block": {
                      "state": {
                        "charges": "4"
                      }
                    }
                  }
                }
              ]
            }
          ]
        }
      ]
    }
  ]
}
