{
  "pools": [
    {
      "rolls": 1,
      "entries": [
        {
          "type": "alternatives",
          "children": [
            {
              "type": "loot_table",
              "value": "bs.block:get/154",
              "functions": [
                {
                  "function": "set_custom_data",
                  "tag": "{\"properties\":{\"trial_spawner_state\":\"inactive\"},\"_\":{1:\"trial_spawner_state=inactive,\"}}"
                }
              ],
              "conditions": [
                {
                  "condition": "location_check",
                  "predicate": {
                    "block": {
                      "state": {
                        "trial_spawner_state": "inactive"
                      }
                    }
                  }
                }
              ]
            },
            {
              "type": "loot_table",
              "value": "bs.block:get/154",
              "functions": [
                {
                  "function": "set_custom_data",
                  "tag": "{\"properties\":{\"trial_spawner_state\":\"waiting_for_players\"},\"_\":{1:\"trial_spawner_state=waiting_for_players,\"}}"
                }
              ],
              "conditions": [
                {
                  "condition": "location_check",
                  "predicate": {
                    "block": {
                      "state": {
                        "trial_spawner_state": "waiting_for_players"
                      }
                    }
                  }
                }
              ]
            },
            {
              "type": "loot_table",
              "value": "bs.block:get/154",
              "functions": [
                {
                  "function": "set_custom_data",
                  "tag": "{\"properties\":{\"trial_spawner_state\":\"active\"},\"_\":{1:\"trial_spawner_state=active,\"}}"
                }
              ],
              "conditions": [
                {
                  "condition": "location_check",
                  "predicate": {
                    "block": {
                      "state": {
                        "trial_spawner_state": "active"
                      }
                    }
                  }
                }
              ]
            },
            {
              "type": "loot_table",
              "value": "bs.block:get/154",
              "functions": [
                {
                  "function": "set_custom_data",
                  "tag": "{\"properties\":{\"trial_spawner_state\":\"waiting_for_reward_ejection\"},\"_\":{1:\"trial_spawner_state=waiting_for_reward_ejection,\"}}"
                }
              ],
              "conditions": [
                {
                  "condition": "location_check",
                  "predicate": {
                    "block": {
                      "state": {
                        "trial_spawner_state": "waiting_for_reward_ejection"
                      }
                    }
                  }
                }
              ]
            },
            {
              "type": "loot_table",
              "value": "bs.block:get/154",
              "functions": [
                {
                  "function": "set_custom_data",
                  "tag": "{\"properties\":{\"trial_spawner_state\":\"ejecting_reward\"},\"_\":{1:\"trial_spawner_state=ejecting_reward,\"}}"
                }
              ],
              "conditions": [
                {
                  "condition": "location_check",
                  "predicate": {
                    "block": {
                      "state": {
                        "trial_spawner_state": "ejecting_reward"
                      }
                    }
                  }
                }
              ]
            },
            {
              "type": "loot_table",
              "value": "bs.block:get/154",
              "functions": [
                {
                  "function": "set_custom_data",
                  "tag": "{\"properties\":{\"trial_spawner_state\":\"cooldown\"},\"_\":{1:\"trial_spawner_state=cooldown,\"}}"
                }
              ],
              "conditions": [
                {
                  "condition": "location_check",
                  "predicate": {
                    "block": {
                      "state": {
                        "trial_spawner_state": "cooldown"
                      }
                    }
                  }
                }
              ]
            }
          ]
        }
      ]
    }
  ]
}
