{
  "pools": [
    {
      "rolls": 1,
      "entries": [
        {
          "type": "alternatives",
          "children": [
            {
              "type": "loot_table",
              "value": "bs.block:get/161",
              "functions": [
                {
                  "function": "set_custom_data",
                  "tag": "{\"properties\":{\"vault_state\":\"inactive\"},\"_\":{2:\"vault_state=inactive,\"}}"
                }
              ],
              "conditions": [
                {
                  "condition": "location_check",
                  "predicate": {
                    "block": {
                      "state": {
                        "vault_state": "inactive"
                      }
                    }
                  }
                }
              ]
            },
            {
              "type": "loot_table",
              "value": "bs.block:get/161",
              "functions": [
                {
                  "function": "set_custom_data",
                  "tag": "{\"properties\":{\"vault_state\":\"active\"},\"_\":{2:\"vault_state=active,\"}}"
                }
              ],
              "conditions": [
                {
                  "condition": "location_check",
                  "predicate": {
                    "block": {
                      "state": {
                        "vault_state": "active"
                      }
                    }
                  }
                }
              ]
            },
            {
              "type": "loot_table",
              "value": "bs.block:get/161",
              "functions": [
                {
                  "function": "set_custom_data",
                  "tag": "{\"properties\":{\"vault_state\":\"unlocking\"},\"_\":{2:\"vault_state=unlocking,\"}}"
                }
              ],
              "conditions": [
                {
                  "condition": "location_check",
                  "predicate": {
                    "block": {
                      "state": {
                        "vault_state": "unlocking"
                      }
                    }
                  }
                }
              ]
            },
            {
              "type": "loot_table",
              "value": "bs.block:get/161",
              "functions": [
                {
                  "function": "set_custom_data",
                  "tag": "{\"properties\":{\"vault_state\":\"ejecting\"},\"_\":{2:\"vault_state=ejecting,\"}}"
                }
              ],
              "conditions": [
                {
                  "condition": "location_check",
                  "predicate": {
                    "block": {
                      "state": {
                        "vault_state": "ejecting"
                      }
                    }
                  }
                }
              ]
            }
          ]
        }
      ]
    }
  ]
}
