{
  "pools": [
    {
      "rolls": 1,
      "entries": [
        {
          "type": "alternatives",
          "children": [
            {
              "type": "loot_table",
              "value": "bs.block:get/21",
              "functions": [
                {
                  "function": "set_custom_data",
                  "tag": "{\"properties\":{\"tilt\":\"none\"},\"_\":{2:\"tilt=none,\"}}"
                }
              ],
              "conditions": [
                {
                  "condition": "location_check",
                  "predicate": {
                    "block": {
                      "state": {
                        "tilt": "none"
                      }
                    }
                  }
                }
              ]
            },
            {
              "type": "loot_table",
              "value": "bs.block:get/21",
              "functions": [
                {
                  "function": "set_custom_data",
                  "tag": "{\"properties\":{\"tilt\":\"unstable\"},\"_\":{2:\"tilt=unstable,\"}}"
                }
              ],
              "conditions": [
                {
                  "condition": "location_check",
                  "predicate": {
                    "block": {
                      "state": {
                        "tilt": "unstable"
                      }
                    }
                  }
                }
              ]
            },
            {
              "type": "loot_table",
              "value": "bs.block:get/21",
              "functions": [
                {
                  "function": "set_custom_data",
                  "tag": "{\"properties\":{\"tilt\":\"partial\"},\"_\":{2:\"tilt=partial,\"}}"
                }
              ],
              "conditions": [
                {
                  "condition": "location_check",
                  "predicate": {
                    "block": {
                      "state": {
                        "tilt": "partial"
                      }
                    }
                  }
                }
              ]
            },
            {
              "type": "loot_table",
              "value": "bs.block:get/21",
              "functions": [
                {
                  "function": "set_custom_data",
                  "tag": "{\"properties\":{\"tilt\":\"full\"},\"_\":{2:\"tilt=full,\"}}"
                }
              ],
              "conditions": [
                {
                  "condition": "location_check",
                  "predicate": {
                    "block": {
                      "state": {
                        "tilt": "full"
                      }
                    }
                  }
                }
              ]
            }
          ]
        }
      ]
    }
  ]
}
