{
  "pools": [
    {
      "rolls": 1,
      "entries": [
        {
          "type": "alternatives",
          "children": [
            {
              "type": "loot_table",
              "value": "bs.block:get/17",
              "functions": [
                {
                  "function": "set_custom_data",
                  "tag": "{\"properties\":{\"creaking_heart_state\":\"uprooted\"},\"_\":{1:\"creaking_heart_state=uprooted,\"}}"
                }
              ],
              "conditions": [
                {
                  "condition": "location_check",
                  "predicate": {
                    "block": {
                      "state": {
                        "creaking_heart_state": "uprooted"
                      }
                    }
                  }
                }
              ]
            },
            {
              "type": "loot_table",
              "value": "bs.block:get/17",
              "functions": [
                {
                  "function": "set_custom_data",
                  "tag": "{\"properties\":{\"creaking_heart_state\":\"dormant\"},\"_\":{1:\"creaking_heart_state=dormant,\"}}"
                }
              ],
              "conditions": [
                {
                  "condition": "location_check",
                  "predicate": {
                    "block": {
                      "state": {
                        "creaking_heart_state": "dormant"
                      }
                    }
                  }
                }
              ]
            },
            {
              "type": "loot_table",
              "value": "bs.block:get/17",
              "functions": [
                {
                  "function": "set_custom_data",
                  "tag": "{\"properties\":{\"creaking_heart_state\":\"awake\"},\"_\":{1:\"creaking_heart_state=awake,\"}}"
                }
              ],
              "conditions": [
                {
                  "condition": "location_check",
                  "predicate": {
                    "block": {
                      "state": {
                        "creaking_heart_state": "awake"
                      }
                    }
                  }
                }
              ]
            }
          ]
        }
      ]
    }
  ]
}
