{
  "criteria": {
    "direct_has_no_uid": {
      "trigger": "minecraft:entity_hurt_player",
      "conditions": {
        "damage": {
          "type": {
            "direct_entity": {
              "nbt": "{Tags:[\"ehm.no_uid\"]}"
            }
          }
        }
      }
    },
    "drt_bit_0_0": {
      "trigger": "minecraft:entity_hurt_player",
      "conditions": {
        "damage": {
          "type": {
            "direct_entity": {
              "nbt": "{Tags:[\"ehm.0_0\"]}"
            }
          }
        }
      }
    },
    "drt_bit_0_1": {
      "trigger": "minecraft:entity_hurt_player",
      "conditions": {
        "damage": {
          "type": {
            "direct_entity": {
              "nbt": "{Tags:[\"ehm.0_1\"]}"
            }
          }
        }
      }
    },
    "drt_bit_0_2": {
      "trigger": "minecraft:entity_hurt_player",
      "conditions": {
        "damage": {
          "type": {
            "direct_entity": {
              "nbt": "{Tags:[\"ehm.0_2\"]}"
            }
          }
        }
      }
    },
    "drt_bit_1_0": {
      "trigger": "minecraft:entity_hurt_player",
      "conditions": {
        "damage": {
          "type": {
            "direct_entity": {
              "nbt": "{Tags:[\"ehm.1_0\"]}"
            }
          }
        }
      }
    },
    "drt_bit_1_1": {
      "trigger": "minecraft:entity_hurt_player",
      "conditions": {
        "damage": {
          "type": {
            "direct_entity": {
              "nbt": "{Tags:[\"ehm.1_1\"]}"
            }
          }
        }
      }
    },
    "drt_bit_1_2": {
      "trigger": "minecraft:entity_hurt_player",
      "conditions": {
        "damage": {
          "type": {
            "direct_entity": {
              "nbt": "{Tags:[\"ehm.1_2\"]}"
            }
          }
        }
      }
    },
    "drt_bit_2_0": {
      "trigger": "minecraft:entity_hurt_player",
      "conditions": {
        "damage": {
          "type": {
            "direct_entity": {
              "nbt": "{Tags:[\"ehm.2_0\"]}"
            }
          }
        }
      }
    },
    "drt_bit_2_1": {
      "trigger": "minecraft:entity_hurt_player",
      "conditions": {
        "damage": {
          "type": {
            "direct_entity": {
              "nbt": "{Tags:[\"ehm.2_1\"]}"
            }
          }
        }
      }
    },
    "drt_bit_2_2": {
      "trigger": "minecraft:entity_hurt_player",
      "conditions": {
        "damage": {
          "type": {
            "direct_entity": {
              "nbt": "{Tags:[\"ehm.2_2\"]}"
            }
          }
        }
      }
    },
    "drt_bit_3_0": {
      "trigger": "minecraft:entity_hurt_player",
      "conditions": {
        "damage": {
          "type": {
            "direct_entity": {
              "nbt": "{Tags:[\"ehm.3_0\"]}"
            }
          }
        }
      }
    },
    "drt_bit_3_1": {
      "trigger": "minecraft:entity_hurt_player",
      "conditions": {
        "damage": {
          "type": {
            "direct_entity": {
              "nbt": "{Tags:[\"ehm.3_1\"]}"
            }
          }
        }
      }
    },
    "drt_bit_3_2": {
      "trigger": "minecraft:entity_hurt_player",
      "conditions": {
        "damage": {
          "type": {
            "direct_entity": {
              "nbt": "{Tags:[\"ehm.3_2\"]}"
            }
          }
        }
      }
    },
    "drt_bit_4_0": {
      "trigger": "minecraft:entity_hurt_player",
      "conditions": {
        "damage": {
          "type": {
            "direct_entity": {
              "nbt": "{Tags:[\"ehm.4_0\"]}"
            }
          }
        }
      }
    },
    "drt_bit_4_1": {
      "trigger": "minecraft:entity_hurt_player",
      "conditions": {
        "damage": {
          "type": {
            "direct_entity": {
              "nbt": "{Tags:[\"ehm.4_1\"]}"
            }
          }
        }
      }
    },
    "drt_bit_4_2": {
      "trigger": "minecraft:entity_hurt_player",
      "conditions": {
        "damage": {
          "type": {
            "direct_entity": {
              "nbt": "{Tags:[\"ehm.4_2\"]}"
            }
          }
        }
      }
    },
    "drt_bit_5_0": {
      "trigger": "minecraft:entity_hurt_player",
      "conditions": {
        "damage": {
          "type": {
            "direct_entity": {
              "nbt": "{Tags:[\"ehm.5_0\"]}"
            }
          }
        }
      }
    },
    "drt_bit_5_1": {
      "trigger": "minecraft:entity_hurt_player",
      "conditions": {
        "damage": {
          "type": {
            "direct_entity": {
              "nbt": "{Tags:[\"ehm.5_1\"]}"
            }
          }
        }
      }
    },
    "drt_bit_5_2": {
      "trigger": "minecraft:entity_hurt_player",
      "conditions": {
        "damage": {
          "type": {
            "direct_entity": {
              "nbt": "{Tags:[\"ehm.5_2\"]}"
            }
          }
        }
      }
    },
    "drt_bit_6_0": {
      "trigger": "minecraft:entity_hurt_player",
      "conditions": {
        "damage": {
          "type": {
            "direct_entity": {
              "nbt": "{Tags:[\"ehm.6_0\"]}"
            }
          }
        }
      }
    },
    "drt_bit_6_1": {
      "trigger": "minecraft:entity_hurt_player",
      "conditions": {
        "damage": {
          "type": {
            "direct_entity": {
              "nbt": "{Tags:[\"ehm.6_1\"]}"
            }
          }
        }
      }
    },
    "drt_bit_6_2": {
      "trigger": "minecraft:entity_hurt_player",
      "conditions": {
        "damage": {
          "type": {
            "direct_entity": {
              "nbt": "{Tags:[\"ehm.6_2\"]}"
            }
          }
        }
      }
    },
    "drt_bit_7_0": {
      "trigger": "minecraft:entity_hurt_player",
      "conditions": {
        "damage": {
          "type": {
            "direct_entity": {
              "nbt": "{Tags:[\"ehm.7_0\"]}"
            }
          }
        }
      }
    },
    "drt_bit_7_1": {
      "trigger": "minecraft:entity_hurt_player",
      "conditions": {
        "damage": {
          "type": {
            "direct_entity": {
              "nbt": "{Tags:[\"ehm.7_1\"]}"
            }
          }
        }
      }
    },
    "drt_bit_7_2": {
      "trigger": "minecraft:entity_hurt_player",
      "conditions": {
        "damage": {
          "type": {
            "direct_entity": {
              "nbt": "{Tags:[\"ehm.7_2\"]}"
            }
          }
        }
      }
    },
    "drt_bit_8_0": {
      "trigger": "minecraft:entity_hurt_player",
      "conditions": {
        "damage": {
          "type": {
            "direct_entity": {
              "nbt": "{Tags:[\"ehm.8_0\"]}"
            }
          }
        }
      }
    },
    "drt_bit_8_1": {
      "trigger": "minecraft:entity_hurt_player",
      "conditions": {
        "damage": {
          "type": {
            "direct_entity": {
              "nbt": "{Tags:[\"ehm.8_1\"]}"
            }
          }
        }
      }
    },
    "drt_bit_8_2": {
      "trigger": "minecraft:entity_hurt_player",
      "conditions": {
        "damage": {
          "type": {
            "direct_entity": {
              "nbt": "{Tags:[\"ehm.8_2\"]}"
            }
          }
        }
      }
    }
  },
  "requirements": [
    [
      "drt_bit_0_0",
      "drt_bit_0_1",
      "drt_bit_0_2",
      "direct_has_no_uid"
    ],
    [
      "drt_bit_1_0",
      "drt_bit_1_1",
      "drt_bit_1_2",
      "direct_has_no_uid"
    ],
    [
      "drt_bit_2_0",
      "drt_bit_2_1",
      "drt_bit_2_2",
      "direct_has_no_uid"
    ],
    [
      "drt_bit_3_0",
      "drt_bit_3_1",
      "drt_bit_3_2",
      "direct_has_no_uid"
    ],
    [
      "drt_bit_4_0",
      "drt_bit_4_1",
      "drt_bit_4_2",
      "direct_has_no_uid"
    ],
    [
      "drt_bit_5_0",
      "drt_bit_5_1",
      "drt_bit_5_2",
      "direct_has_no_uid"
    ],
    [
      "drt_bit_6_0",
      "drt_bit_6_1",
      "drt_bit_6_2",
      "direct_has_no_uid"
    ],
    [
      "drt_bit_7_0",
      "drt_bit_7_1",
      "drt_bit_7_2",
      "direct_has_no_uid"
    ],
    [
      "drt_bit_8_0",
      "drt_bit_8_1",
      "drt_bit_8_2",
      "direct_has_no_uid"
    ]
  ],
  "rewards": {
    "function": "hit_match:advancement/entity_hurt_player/reward"
  }
}
