{
  "pools": [
    {
      "rolls": 1,
      "entries": [
        {
          "type": "alternatives",
          "children": [
            {
              "type": "alternatives",
              "children": [
                {
                  "type": "item",
                  "name": "egg",
                  "functions": [
                    {
                      "function": "set_custom_data",
                      "tag": "{\"interaction_shape\":[[6.0d,7.0d,1.0d,10.0d,12.0d,5.0d]],\"collision_shape\":[[6.0d,7.0d,1.0d,10.0d,12.0d,5.0d]]}"
                    }
                  ],
                  "conditions": [
                    {
                      "condition": "location_check",
                      "predicate": {
                        "block": {
                          "state": {
                            "facing": "north"
                          }
                        }
                      }
                    }
                  ]
                },
                {
                  "type": "item",
                  "name": "egg",
                  "functions": [
                    {
                      "function": "set_custom_data",
                      "tag": "{\"collision_shape\":[[6.0d,7.0d,11.0d,10.0d,12.0d,15.0d]],\"interaction_shape\":[[6.0d,7.0d,11.0d,10.0d,12.0d,15.0d]]}"
                    }
                  ],
                  "conditions": [
                    {
                      "condition": "location_check",
                      "predicate": {
                        "block": {
                          "state": {
                            "facing": "south"
                          }
                        }
                      }
                    }
                  ]
                },
                {
                  "type": "item",
                  "name": "egg",
                  "functions": [
                    {
                      "function": "set_custom_data",
                      "tag": "{\"collision_shape\":[[1.0d,7.0d,6.0d,5.0d,12.0d,10.0d]],\"interaction_shape\":[[1.0d,7.0d,6.0d,5.0d,12.0d,10.0d]]}"
                    }
                  ],
                  "conditions": [
                    {
                      "condition": "location_check",
                      "predicate": {
                        "block": {
                          "state": {
                            "facing": "west"
                          }
                        }
                      }
                    }
                  ]
                },
                {
                  "type": "item",
                  "name": "egg",
                  "functions": [
                    {
                      "function": "set_custom_data",
                      "tag": "{\"collision_shape\":[[11.0d,7.0d,6.0d,15.0d,12.0d,10.0d]],\"interaction_shape\":[[11.0d,7.0d,6.0d,15.0d,12.0d,10.0d]]}"
                    }
                  ]
                }
              ],
              "conditions": [
                {
                  "condition": "location_check",
                  "predicate": {
                    "block": {
                      "state": {
                        "age": "0"
                      }
                    }
                  }
                }
              ]
            },
            {
              "type": "alternatives",
              "children": [
                {
                  "type": "item",
                  "name": "egg",
                  "functions": [
                    {
                      "function": "set_custom_data",
                      "tag": "{\"collision_shape\":[[5.0d,5.0d,1.0d,11.0d,12.0d,7.0d]],\"interaction_shape\":[[5.0d,5.0d,1.0d,11.0d,12.0d,7.0d]]}"
                    }
                  ],
                  "conditions": [
                    {
                      "condition": "location_check",
                      "predicate": {
                        "block": {
                          "state": {
                            "facing": "north"
                          }
                        }
                      }
                    }
                  ]
                },
                {
                  "type": "item",
                  "name": "egg",
                  "functions": [
                    {
                      "function": "set_custom_data",
                      "tag": "{\"collision_shape\":[[5.0d,5.0d,9.0d,11.0d,12.0d,15.0d]],\"interaction_shape\":[[5.0d,5.0d,9.0d,11.0d,12.0d,15.0d]]}"
                    }
                  ],
                  "conditions": [
                    {
                      "condition": "location_check",
                      "predicate": {
                        "block": {
                          "state": {
                            "facing": "south"
                          }
                        }
                      }
                    }
                  ]
                },
                {
                  "type": "item",
                  "name": "egg",
                  "functions": [
                    {
                      "function": "set_custom_data",
                      "tag": "{\"collision_shape\":[[1.0d,5.0d,5.0d,7.0d,12.0d,11.0d]],\"interaction_shape\":[[1.0d,5.0d,5.0d,7.0d,12.0d,11.0d]]}"
                    }
                  ],
                  "conditions": [
                    {
                      "condition": "location_check",
                      "predicate": {
                        "block": {
                          "state": {
                            "facing": "west"
                          }
                        }
                      }
                    }
                  ]
                },
                {
                  "type": "item",
                  "name": "egg",
                  "functions": [
                    {
                      "function": "set_custom_data",
                      "tag": "{\"collision_shape\":[[9.0d,5.0d,5.0d,15.0d,12.0d,11.0d]],\"interaction_shape\":[[9.0d,5.0d,5.0d,15.0d,12.0d,11.0d]]}"
                    }
                  ]
                }
              ],
              "conditions": [
                {
                  "condition": "location_check",
                  "predicate": {
                    "block": {
                      "state": {
                        "age": "1"
                      }
                    }
                  }
                }
              ]
            },
            {
              "type": "alternatives",
              "children": [
                {
                  "type": "item",
                  "name": "egg",
                  "functions": [
                    {
                      "function": "set_custom_data",
                      "tag": "{\"interaction_shape\":[[4.0d,3.0d,1.0d,12.0d,12.0d,9.0d]],\"collision_shape\":[[4.0d,3.0d,1.0d,12.0d,12.0d,9.0d]]}"
                    }
                  ],
                  "conditions": [
                    {
                      "condition": "location_check",
                      "predicate": {
                        "block": {
                          "state": {
                            "facing": "north"
                          }
                        }
                      }
                    }
                  ]
                },
                {
                  "type": "item",
                  "name": "egg",
                  "functions": [
                    {
                      "function": "set_custom_data",
                      "tag": "{\"collision_shape\":[[4.0d,3.0d,7.0d,12.0d,12.0d,15.0d]],\"interaction_shape\":[[4.0d,3.0d,7.0d,12.0d,12.0d,15.0d]]}"
                    }
                  ],
                  "conditions": [
                    {
                      "condition": "location_check",
                      "predicate": {
                        "block": {
                          "state": {
                            "facing": "south"
                          }
                        }
                      }
                    }
                  ]
                },
                {
                  "type": "item",
                  "name": "egg",
                  "functions": [
                    {
                      "function": "set_custom_data",
                      "tag": "{\"interaction_shape\":[[1.0d,3.0d,4.0d,9.0d,12.0d,12.0d]],\"collision_shape\":[[1.0d,3.0d,4.0d,9.0d,12.0d,12.0d]]}"
                    }
                  ],
                  "conditions": [
                    {
                      "condition": "location_check",
                      "predicate": {
                        "block": {
                          "state": {
                            "facing": "west"
                          }
                        }
                      }
                    }
                  ]
                },
                {
                  "type": "item",
                  "name": "egg",
                  "functions": [
                    {
                      "function": "set_custom_data",
                      "tag": "{\"collision_shape\":[[7.0d,3.0d,4.0d,15.0d,12.0d,12.0d]],\"interaction_shape\":[[7.0d,3.0d,4.0d,15.0d,12.0d,12.0d]]}"
                    }
                  ]
                }
              ]
            }
          ]
        }
      ]
    }
  ]
}
