{
  "pools": [
    {
      "rolls": 1,
      "entries": [
        {
          "type": "alternatives",
          "children": [
            {
              "type": "item",
              "name": "egg",
              "functions": [
                {
                  "function": "set_custom_data",
                  "tag": "{\"interaction_shape\":[[5.0d,0.0d,5.0d,11.0d,16.0d,11.0d]],\"collision_shape\":[[6.5d,0.0d,6.5d,9.5d,16.0d,9.5d]]}"
                }
              ],
              "conditions": [
                {
                  "condition": "location_check",
                  "predicate": {
                    "block": {
                      "state": {
                        "leaves": "none"
                      }
                    }
                  }
                }
              ]
            },
            {
              "type": "item",
              "name": "egg",
              "functions": [
                {
                  "function": "set_custom_data",
                  "tag": "{\"interaction_shape\":[[5.0d,0.0d,5.0d,11.0d,16.0d,11.0d]],\"collision_shape\":[[6.5d,0.0d,6.5d,9.5d,16.0d,9.5d]]}"
                }
              ],
              "conditions": [
                {
                  "condition": "location_check",
                  "predicate": {
                    "block": {
                      "state": {
                        "leaves": "small"
                      }
                    }
                  }
                }
              ]
            },
            {
              "type": "item",
              "name": "egg",
              "functions": [
                {
                  "function": "set_custom_data",
                  "tag": "{\"interaction_shape\":[[3.0d,0.0d,3.0d,13.0d,16.0d,13.0d]],\"collision_shape\":[[6.5d,0.0d,6.5d,9.5d,16.0d,9.5d]]}"
                }
              ]
            }
          ]
        }
      ]
    }
  ]
}
